{
  "agent_xpos": 1.2941681397784541,
  "agent_x_min_max": [
    0.25,
    0.75
  ],
  "agent_jump_distance": 0.15,
  "arena_x_bounds": [
    0,
    4
  ],
  "arena_y_bounds": [
    0,
    2
  ],
  "asteroids": [
    {
      "c_pos_x": 0.07055633328298239,
      "c_vel_x": 0.0066424943168159846,
      "c_accel_x": 4.686318895532345e-05,
      "c_pos_y": 0.4145034580753524,
      "c_vel_y": 0.002340990411641622,
      "c_accel_y": -1.2990775850705891e-05,
      "t_created": 0,
      "id": 1
    },
    {
      "c_pos_x": 2.7250014081886174,
      "c_vel_x": -0.005504192432164522,
      "c_accel_x": 5.862621473118031e-05,
      "c_pos_y": 1.4141670870308392,
      "c_vel_y": -0.002464845701212203,
      "c_accel_y": 2.3842182247140627e-05,
      "t_created": 0,
      "id": 2
    }
  ],
  "in_bounds": {
    "x_bounds": [
      0,
      2
    ],
    "y_bounds": [
      0,
      2
    ]
  },
  "asteroid_match_range": 0.03,
  "noise_sigma_x": 0.045,
  "noise_sigma_y": 0.075,
  "time_limit": 400,
  "_args": {
    "outfile": "case4.json",
    "asteroid_properties": null,
    "agent_x_min_max": [
      0.25,
      0.75
    ],
    "agent_jump_distance": 0.15,
    "arena_x_bounds": [
      0,
      4
    ],
    "arena_y_bounds": [
      0,
      2
    ],
    "asteroid_speed_x_max": 0.01,
    "asteroid_speed_x_min": 0.005,
    "asteroid_speed_y_max": 0.004,
    "asteroid_speed_y_min": 0.002,
    "asteroid_accel_x_min": 2e-05,
    "asteroid_accel_x_max": 6e-05,
    "asteroid_accel_y_min": 1e-05,
    "asteroid_accel_y_max": 7e-05,
    "asteroid_match_range": 0.03,
    "noise_sigma_x": 0.045,
    "noise_sigma_y": 0.075,
    "num_asteroids_per_time": 0,
    "num_asteroids_start": 2,
    "observation_noise_seed": 5,
    "generation_seed": 410,
    "time_limit": 400
  }
}